{
	"textures": {
		"particle": "block/bamboo_stalk",
		"all": "block/bamboo_stalk"
	},
	"elements": [
		{
			"from": [7, 0, 7],
			"to": [9, 16, 9],
			"faces": {
				"north": {"uv": [0, 0, 3, 16], "texture": "#all"},
				"east": {"uv": [9, 0, 12, 16], "texture": "#all"},
				"south": {"uv": [6, 0, 9, 16], "texture": "#all"},
				"west": {"uv": [3, 0, 6, 16], "texture": "#all"},
				"up": {"uv": [0, 0, 3, 3], "texture": "#all", "cullface": "up"},
				"down": {"uv": [13.5, 4.5, 15.5, 6.5], "texture": "#all", "cullface": "down"}
			}
		}
	]
}