{
	"textures": {
		"particle": "block/brewing_stand",
		"stand": "block/brewing_stand"
	},
	"elements": [
		{
			"from": [8, 0, 8],
			"to": [16, 16, 8],
			"faces": {
				"north": {"uv": [0, 0, 8, 16], "texture": "#stand"},
				"south": {"uv": [8, 0, 0, 16], "texture": "#stand"}
			}
		},
		{
			"from": [13.5, 2, 5.5],
			"to": [13.5, 9, 10.5],
			"rotation": {"angle": 0, "axis": "y", "origin": [13.5, 5.5, 8]},
			"faces": {
				"east": {"uv": [0, 7, 5, 14], "texture": "#stand"},
				"west": {"uv": [5, 7, 0, 14], "texture": "#stand"}
			}
		}
	]
}