{
	"textures": {
		"particle": "block/brewing_stand",
		"stand": "block/brewing_stand"
	},
	"elements": [
		{
			"from": [-0.41, 0, 8],
			"to": [7.59, 16, 8],
			"rotation": {"angle": -45, "axis": "y", "origin": [8, 8, 8]},
			"faces": {
				"north": {"uv": [8, 0, 0, 16], "texture": "#stand"},
				"south": {"uv": [0, 0, 8, 16], "texture": "#stand"}
			}
		},
		{
			"from": [1.32, 2, 3.822],
			"to": [6.32, 9, 3.822],
			"rotation": {"angle": 45, "axis": "y", "origin": [3.82, 5.5, 3.822]},
			"faces": {
				"north": {"uv": [5, 7, 0, 14], "texture": "#stand"},
				"south": {"uv": [0, 7, 5, 14], "texture": "#stand"}
			}
		}
	]
}