{
	"ambientocclusion": false,
	"textures": {
		"top": "block/cauldron_top",
		"bottom": "block/cauldron_bottom",
		"side": "block/cauldron_side",
		"particle": "block/cauldron_side",
		"wall": "block/cauldron_wall",
		"inside": "block/cauldron_inner",
		"water": "block/extra/cauldron_water"
	},
	"elements": [
		{
			"from": [2, 3, 2],
			"to": [14, 4, 14],
			"faces": {
				"up": {"uv": [2, 2, 14, 14], "texture": "#inside", "cullface": "up"},
				"down": {"uv": [2, 2, 14, 14], "texture": "#inside"}
			}
		},
		{
			"from": [0, 3, 0],
			"to": [2, 16, 16],
			"faces": {
				"north": {"uv": [14, 0, 16, 13], "texture": "#side", "cullface": "north"},
				"east": {"uv": [0, 0, 16, 13], "texture": "#wall", "cullface": "up"},
				"south": {"uv": [0, 0, 2, 13], "texture": "#side", "cullface": "south"},
				"west": {"uv": [0, 0, 16, 13], "texture": "#side", "cullface": "west"},
				"up": {"uv": [0, 0, 2, 16], "texture": "#top", "cullface": "up"},
				"down": {"uv": [0, 0, 2, 16], "texture": "#inside"}
			}
		},
		{
			"from": [14, 3, 0],
			"to": [16, 16, 16],
			"faces": {
				"north": {"uv": [0, 0, 2, 13], "texture": "#side", "cullface": "north"},
				"east": {"uv": [0, 0, 16, 13], "texture": "#side", "cullface": "east"},
				"south": {"uv": [14, 0, 16, 13], "texture": "#side", "cullface": "south"},
				"west": {"uv": [0, 0, 16, 13], "texture": "#wall", "cullface": "up"},
				"up": {"uv": [14, 0, 16, 16], "texture": "#top", "cullface": "up"},
				"down": {"uv": [14, 0, 16, 16], "texture": "#inside"}
			}
		},
		{
			"from": [2, 3, 0],
			"to": [14, 16, 2],
			"faces": {
				"north": {"uv": [2, 0, 14, 13], "texture": "#side", "cullface": "north"},
				"south": {"uv": [2, 0, 14, 13], "texture": "#wall", "cullface": "up"},
				"up": {"uv": [2, 0, 14, 2], "texture": "#top", "cullface": "up"},
				"down": {"uv": [2, 14, 14, 16], "texture": "#inside"}
			}
		},
		{
			"from": [2, 3, 14],
			"to": [14, 16, 16],
			"faces": {
				"north": {"uv": [2, 0, 14, 13], "texture": "#wall", "cullface": "up"},
				"south": {"uv": [2, 0, 14, 13], "texture": "#side", "cullface": "south"},
				"up": {"uv": [2, 14, 14, 16], "texture": "#top", "cullface": "up"},
				"down": {"uv": [2, 0, 14, 2], "texture": "#inside"}
			}
		},
		{
			"from": [0, 0, 0],
			"to": [3, 3, 3],
			"faces": {
				"east": {"uv": [13, 13, 16, 16], "texture": "#side"},
				"south": {"uv": [0, 13, 3, 16], "texture": "#side"}
			}
		},
		{
			"from": [13, 0, 0],
			"to": [16, 3, 3],
			"faces": {
				"south": {"uv": [13, 13, 16, 16], "texture": "#side"},
				"west": {"uv": [0, 13, 3, 16], "texture": "#side"}
			}
		},
		{
			"from": [0, 0, 13],
			"to": [3, 3, 16],
			"faces": {
				"north": {"uv": [13, 13, 16, 16], "texture": "#side"},
				"east": {"uv": [0, 13, 3, 16], "texture": "#side"}
			}
		},
		{
			"from": [13, 0, 13],
			"to": [16, 3, 16],
			"faces": {
				"north": {"uv": [0, 13, 3, 16], "texture": "#side"},
				"west": {"uv": [13, 13, 16, 16], "texture": "#side"}
			}
		},
		{
			"from": [0, 0, 0],
			"to": [5, 3, 5],
			"faces": {
				"north": {"uv": [11, 13, 16, 16], "texture": "#side", "cullface": "north"},
				"west": {"uv": [0, 13, 5, 16], "texture": "#side", "cullface": "west"},
				"down": {"uv": [0, 11, 5, 16], "texture": "#bottom", "cullface": "down"}
			}
		},
		{
			"from": [11, 0, 0],
			"to": [16, 3, 5],
			"rotation": {"angle": 0, "axis": "y", "origin": [6, 8, 8]},
			"faces": {
				"north": {"uv": [0, 13, 5, 16], "texture": "#side", "cullface": "north"},
				"east": {"uv": [11, 13, 16, 16], "texture": "#side", "cullface": "east"},
				"down": {"uv": [11, 11, 16, 16], "texture": "#bottom", "cullface": "down"}
			}
		},
		{
			"from": [0, 0, 11],
			"to": [5, 3, 16],
			"rotation": {"angle": 0, "axis": "y", "origin": [8, 8, 6]},
			"faces": {
				"south": {"uv": [0, 13, 5, 16], "texture": "#side", "cullface": "south"},
				"west": {"uv": [11, 13, 16, 16], "texture": "#side", "cullface": "west"},
				"down": {"uv": [0, 0, 5, 5], "texture": "#bottom", "cullface": "down"}
			}
		},
		{
			"from": [11, 0, 11],
			"to": [16, 3, 16],
			"rotation": {"angle": 0, "axis": "y", "origin": [6, 8, 6]},
			"faces": {
				"east": {"uv": [0, 13, 5, 16], "texture": "#side", "cullface": "east"},
				"south": {"uv": [11, 13, 16, 16], "texture": "#side", "cullface": "south"},
				"down": {"uv": [11, 0, 16, 5], "texture": "#bottom", "cullface": "down"}
			}
		},
		{
			"from": [ 2, 4, 2 ],
			"to": [ 14, 9, 14 ],
			"faces": {
				"up": { "texture": "#water", "cullface": "up" }
			}
		}
	]
}