{
	"parent": "block/block",
	"textures": {
		"body": "block/anvil",
		"particle": "block/anvil",
		"top": "block/damaged_anvil_top",
		"bottom": "block/anvil_bottom",
		"end": "block/anvil_end"
	},
	"elements": [
		{
			"name": "Anvil base",
			"from": [2, 0, 2],
			"to": [14, 4, 14],
			"faces": {
				"north": {"uv": [2, 12, 14, 16], "texture": "#end"},
				"east": {"uv": [2, 12, 14, 16], "texture": "#body"},
				"south": {"uv": [2, 12, 14, 16], "texture": "#end"},
				"west": {"uv": [2, 12, 14, 16], "texture": "#body"},
				"up": {"uv": [2, 2, 14, 14], "texture": "#bottom"},
				"down": {"uv": [2, 2, 14, 14], "texture": "#bottom", "cullface": "down"}
			}
		},
		{
			"name": "Lower narrow portion",
			"from": [4, 4, 3],
			"to": [12, 5, 13],
			"faces": {
				"north": {"uv": [4, 11, 12, 12], "texture": "#end"},
				"east": {"uv": [3, 11, 13, 12], "texture": "#body"},
				"south": {"uv": [4, 11, 12, 12], "texture": "#end"},
				"west": {"uv": [3, 11, 13, 12], "texture": "#body"},
				"up": {"uv": [4, 3, 12, 13], "texture": "#bottom"}
			}
		},
		{
			"name": "Wider section beneath top portion",
			"from": [6, 5, 4],
			"to": [10, 10, 12],
			"faces": {
				"north": {"uv": [6, 6, 10, 11], "texture": "#end"},
				"east": {"uv": [4, 6, 12, 11], "texture": "#body"},
				"south": {"uv": [6, 6, 10, 11], "texture": "#end"},
				"west": {"uv": [4, 6, 12, 11], "texture": "#body"}
			}
		},
		{
			"name": "Anvil top",
			"from": [3, 10, 0],
			"to": [13, 16, 16],
			"faces": {
				"north": {"uv": [3, 0, 13, 6], "texture": "#end"},
				"east": {"uv": [0, 0, 16, 6], "texture": "#body"},
				"south": {"uv": [3, 0, 13, 6], "texture": "#end"},
				"west": {"uv": [0, 0, 16, 6], "texture": "#body"},
				"up": {"uv": [3, 0, 13, 16], "texture": "#top", "cullface": "up"},
				"down": {"uv": [3, 0, 13, 16], "texture": "#bottom"}
			}
		}
	],
	"display": {
		"fixed": {
			"rotation": [0, 90, 0],
			"scale": [0.5, 0.5, 0.5]
		}
	}
}