{
	"ambientocclusion": false,
	"textures": {
		"particle": "#rail"
	},
	"elements": [
		{
			"from": [1, 0, 1.5],
			"to": [15, 0.6, 3.5],
			"faces": {
				"north": {"uv": [1, 3, 15, 3.5], "texture": "#rail"},
				"east": {"uv": [1, 1.5, 1.5, 3.5], "rotation": 270, "texture": "#rail"},
				"south": {"uv": [1, 1.5, 15, 2], "texture": "#rail"},
				"west": {"uv": [14.5, 1.5, 15, 3.5], "rotation": 90, "texture": "#rail"},
				"down": {"uv": [1, 12.5, 15, 14.5], "texture": "#rail", "cullface": "down"}
			}
		},
		{
			"from": [1, 0, 7],
			"to": [15, 0.6, 9],
			"faces": {
				"north": {"uv": [1, 8.5, 15, 9], "texture": "#rail"},
				"east": {"uv": [1, 7, 1.5, 9], "rotation": 270, "texture": "#rail"},
				"south": {"uv": [1, 7, 15, 7.5], "texture": "#rail"},
				"west": {"uv": [14.5, 7, 15, 9], "rotation": 90, "texture": "#rail"},
				"down": {"uv": [1, 7, 15, 9], "texture": "#rail", "cullface": "down"}
			}
		},
		{
			"from": [1, 0, 12.5],
			"to": [15, 0.6, 14.5],
			"faces": {
				"north": {"uv": [1, 14, 15, 14.5], "texture": "#rail"},
				"east": {"uv": [1, 12.5, 1.5, 14.5], "rotation": 270, "texture": "#rail"},
				"south": {"uv": [1, 12, 15, 12.5], "texture": "#rail"},
				"west": {"uv": [14.5, 12.5, 15, 14.5], "rotation": 90, "texture": "#rail"},
				"down": {"uv": [1, 1.5, 15, 3.5], "texture": "#rail", "cullface": "down"}
			}
		},
		{
			"from": [2.25, 0.6, 0],
			"to": [3.625, 1.225, 16],
			"rotation": {"angle": 0, "axis": "y", "origin": [10.2, 8.6, 8]},
			"faces": {
				"north": {"uv": [2, 0.5, 3.5, 1], "rotation": 180, "texture": "#extra", "cullface": "north"},
				"east": {"uv": [2, 0, 2.5, 16], "rotation": 90, "texture": "#extra"},
				"south": {"uv": [2, 15, 3.5, 15.5], "texture": "#extra", "cullface": "south"},
				"west": {"uv": [3, 0, 3.5, 16], "rotation": 270, "texture": "#extra"},
				"up": {"uv": [2, 0, 3.5, 16], "texture": "#extra"}
			}
		},
		{
			"from": [12.375, 0.6, 0],
			"to": [13.75, 1.225, 16],
			"rotation": {"angle": 0, "axis": "y", "origin": [20.3, 8.6, 8]},
			"faces": {
				"north": {"uv": [12, 0.5, 13.5, 1], "rotation": 180, "texture": "#extra", "cullface": "north"},
				"east": {"uv": [12, 0, 12.5, 16], "rotation": 90, "texture": "#extra"},
				"south": {"uv": [12, 15, 13.5, 15.5], "texture": "#extra", "cullface": "south"},
				"west": {"uv": [13, 0, 13.5, 16], "rotation": 270, "texture": "#extra"},
				"up": {"uv": [12, 0, 13.5, 16], "texture": "#extra"}
			}
		},
		{
			"from": [0, 0.6, 0],
			"to": [16, 0.6, 16],
			"rotation": {"angle": 0, "axis": "y", "origin": [8, 7, 8]},
			"faces": {
				"up": {"uv": [0, 0, 16, 16], "texture": "#rail"},
				"down": {"uv": [0, 16, 16, 0], "texture": "#rail"}
			}
		},
		{
			"from": [0, 0.8, 0],
			"to": [16, 0.8, 16],
			"faces": {
				"up": {"uv": [0, 0, 16, 16], "texture": "#extra"},
				"down": {"uv": [0, 16, 16, 0], "texture": "#extra"}
			}
		}
	]
}