{
	"ambientocclusion": false,
	"textures": {
		"red": "block/red_mushroom_block",
		"inside": "block/mushroom_block_inside",
		"stem": "block/mushroom_stem",
		"particle": "block/red_mushroom_block"
	},
	"elements": [
		{
			"from": [2.5, 2, 10.5],
			"to": [5.5, 3, 13.5],
			"shade": false,
			"rotation": {"angle": 45, "axis": "y", "origin": [4, 2, 12]},
			"faces": {
				"north": {"uv": [8, 2, 10, 8], "rotation": 90, "texture": "#red"},
				"east": {"uv": [2, 8, 8, 10], "texture": "#red"},
				"south": {"uv": [0, 2, 2, 8], "rotation": 270, "texture": "#red"},
				"west": {"uv": [2, 0, 8, 2], "rotation": 180, "texture": "#red"},
				"up": {"uv": [2, 2, 8, 8], "rotation": 270, "texture": "#red"},
				"down": {"uv": [2, 2, 8, 8], "rotation": 90, "texture": "#inside"}
			}
		},
		{
			"from": [3.5, 0, 11.5],
			"to": [4.5, 2, 12.5],
			"shade": false,
			"rotation": {"angle": 45, "axis": "y", "origin": [4, 2, 12]},
			"faces": {
				"north": {"uv": [6, 8, 10, 12], "texture": "#stem"},
				"east": {"uv": [6, 4, 10, 8], "texture": "#stem"},
				"south": {"uv": [6, 0, 10, 4], "texture": "#stem"},
				"west": {"uv": [6, 12, 10, 16], "texture": "#stem"},
				"down": {"uv": [4, 4, 6, 6], "rotation": 90, "texture": "#inside", "cullface": "down"}
			}
		},
		{
			"from": [6, 3, 2],
			"to": [10, 4, 6],
			"shade": false,
			"rotation": {"angle": 22.5, "axis": "y", "origin": [8, 3, 4]},
			"faces": {
				"north": {"uv": [14, 2, 16, 10], "rotation": 90, "texture": "#red"},
				"east": {"uv": [6, 10, 14, 12], "texture": "#red"},
				"south": {"uv": [4, 2, 6, 10], "rotation": 270, "texture": "#red"},
				"west": {"uv": [6, 0, 14, 2], "rotation": 180, "texture": "#red"},
				"up": {"uv": [6, 2, 14, 10], "rotation": 270, "texture": "#red"},
				"down": {"uv": [6, 2, 14, 10], "rotation": 90, "texture": "#inside"}
			}
		},
		{
			"from": [7.5, 0, 3.5],
			"to": [8.5, 3, 4.5],
			"shade": false,
			"rotation": {"angle": 22.5, "axis": "y", "origin": [8, 3, 4]},
			"faces": {
				"north": {"uv": [6, 7, 10, 13], "texture": "#stem"},
				"east": {"uv": [6, 3, 10, 9], "texture": "#stem"},
				"south": {"uv": [6, 0, 10, 6], "texture": "#stem"},
				"west": {"uv": [6, 10, 10, 16], "texture": "#stem"},
				"down": {"uv": [9, 5, 11, 7], "rotation": 90, "texture": "#inside", "cullface": "down"}
			}
		},
		{
			"from": [10, 3, 8],
			"to": [14, 5, 12],
			"shade": false,
			"rotation": {"angle": -22.5, "axis": "y", "origin": [12, 3, 10]},
			"faces": {
				"north": {"uv": [4, 0, 12, 4], "rotation": 180, "texture": "#red"},
				"east": {"uv": [12, 4, 16, 12], "rotation": 90, "texture": "#red"},
				"south": {"uv": [4, 12, 12, 16], "texture": "#red"},
				"west": {"uv": [0, 4, 4, 12], "rotation": 270, "texture": "#red"},
				"up": {"uv": [4, 4, 12, 12], "texture": "#red"},
				"down": {"uv": [4, 6, 12, 14], "texture": "#inside"}
			}
		},
		{
			"from": [11.5, 0, 9.5],
			"to": [12.5, 3, 10.5],
			"shade": false,
			"rotation": {"angle": -22.5, "axis": "y", "origin": [12, 3, 10]},
			"faces": {
				"north": {"uv": [6, 10, 10, 16], "texture": "#stem"},
				"east": {"uv": [6, 7, 10, 13], "texture": "#stem"},
				"south": {"uv": [6, 3, 10, 9], "texture": "#stem"},
				"west": {"uv": [6, 0, 10, 6], "texture": "#stem"},
				"down": {"uv": [7, 9, 9, 11], "texture": "#inside", "cullface": "down"}
			}
		}
	]
}