{
	"ambientocclusion": false,
	"textures": {
		"particle": "#rail"
	},
	"elements": [
		{
			"from": [0, 9.2, 0],
			"to": [16, 9.2, 16],
			"rotation": {"angle": -45, "axis": "x", "origin": [8, 9.2, 8], "rescale": true},
			"faces": {
				"up": {"uv": [0, 0, 16, 16], "texture": "#extra"},
				"down": {"uv": [0, 16, 16, 0], "texture": "#extra"}
			}
		},
		{
			"from": [0, 9, 0],
			"to": [16, 9, 16],
			"rotation": {"angle": -45, "axis": "x", "origin": [8, 9, 8], "rescale": true},
			"faces": {
				"up": {"uv": [0, 0, 16, 16], "texture": "#extra"},
				"down": {"uv": [0, 16, 16, 0], "texture": "#extra"}
			}
		},
		{
			"from": [0, 8.8, 0],
			"to": [16, 8.8, 16],
			"rotation": {"angle": -45, "axis": "x", "origin": [8, 8.8, 8], "rescale": true},
			"faces": {
				"up": {"uv": [0, 0, 16, 16], "texture": "#extra"},
				"down": {"uv": [0, 16, 16, 0], "texture": "#extra"}
			}
		},
		{
			"from": [0, 8.6, 0],
			"to": [16, 8.6, 16],
			"rotation": {"angle": -45, "axis": "x", "origin": [8, 8.6, 8], "rescale": true},
			"faces": {
				"up": {"uv": [0, 0, 16, 16], "texture": "#rail"},
				"down": {"uv": [0, 16, 16, 0], "texture": "#rail"}
			}
		},
		{
			"from": [0, 8.4, 0],
			"to": [16, 8.4, 16],
			"rotation": {"angle": -45, "axis": "x", "origin": [8, 8.4, 8], "rescale": true},
			"faces": {
				"up": {"uv": [0, 0, 16, 16], "texture": "#rail"},
				"down": {"uv": [0, 16, 16, 0], "texture": "#rail"}
			}
		},
		{
			"from": [0, 8.2, 0],
			"to": [16, 8.2, 16],
			"rotation": {"angle": -45, "axis": "x", "origin": [8, 8.2, 8], "rescale": true},
			"faces": {
				"up": {"uv": [0, 0, 16, 16], "texture": "#rail"},
				"down": {"uv": [0, 16, 16, 0], "texture": "#rail"}
			}
		}
	]
}