{
	"parent": "block/block",
	"textures": {
		"particle": "block/sea_pickle",
		"all": "block/sea_pickle"
	},
	"elements": [
		{
			"from": [6, 0, 9],
			"to": [10, 6, 13],
			"faces": {
				"north": {"uv": [8, 5, 12, 10], "texture": "#all"},
				"east": {"uv": [12, 5, 16, 10], "texture": "#all"},
				"south": {"uv": [8, 5, 12, 10], "texture": "#all"},
				"west": {"uv": [12, 5, 16, 10], "texture": "#all"},
				"up": {"uv": [8, 1, 12, 5], "texture": "#all"},
				"down": {"uv": [8, 12, 12, 16], "texture": "#all", "cullface": "down"}
			}
		},
		{
			"from": [2, 0, 2],
			"to": [6, 4, 6],
			"faces": {
				"north": {"uv": [12, 5, 16, 10], "texture": "#all"},
				"east": {"uv": [8, 5, 12, 10], "texture": "#all"},
				"south": {"uv": [12, 5, 16, 10], "texture": "#all"},
				"west": {"uv": [8, 5, 12, 10], "texture": "#all"},
				"up": {"uv": [8, 1, 12, 5], "rotation": 270, "texture": "#all"},
				"down": {"uv": [8, 12, 12, 16], "rotation": 90, "texture": "#all", "cullface": "down"}
			}
		},
		{
			"from": [8, 0, 4],
			"to": [12, 6, 8],
			"faces": {
				"north": {"uv": [0, 5, 4, 11.5], "texture": "#all"},
				"east": {"uv": [4, 5, 8, 11.5], "texture": "#all"},
				"south": {"uv": [0, 5, 4, 11.5], "texture": "#all"},
				"west": {"uv": [4, 5, 8, 11.5], "texture": "#all"},
				"up": {"uv": [4, 1, 8, 5], "texture": "#all"},
				"down": {"uv": [4, 12, 8, 16], "texture": "#all", "cullface": "down"}
			}
		}
	]
}