{
	"ambientocclusion": false,
	"textures": {
		"particle": "block/vine",
		"vine": "block/vine",
		"extra": "block/extra/vine_extra"
	},
	"elements": [
		{
			"from": [-1, 15.2, -1],
			"to": [17, 15.2, 17],
			"shade": false,
			"faces": {
				"up": {"uv": [16, 0, 0, 16], "texture": "#vine", "tintindex": 0},
				"down": {"uv": [0, 0, 16, 16], "texture": "#vine", "tintindex": 0}
			}
		},
		{
			"from": [0.8, 0, -1],
			"to": [0.8, 16, 17],
			"shade": false,
			"rotation": {"angle": 0, "axis": "y", "origin": [8, 8, 7]},
			"faces": {
				"east": {"uv": [0, 0, 16, 16], "texture": "#vine", "tintindex": 0},
				"west": {"uv": [16, 0, 0, 16], "texture": "#vine", "tintindex": 0}
			}
		},
		{
			"from": [15.2, 0, -1],
			"to": [15.2, 16, 17],
			"shade": false,
			"rotation": {"angle": 0, "axis": "y", "origin": [8, 8, 7]},
			"faces": {
				"east": {"uv": [16, 0, 0, 16], "texture": "#vine", "tintindex": 0},
				"west": {"uv": [0, 0, 16, 16], "texture": "#vine", "tintindex": 0}
			}
		},
		{
			"from": [-1, 0, 15.2],
			"to": [17, 16, 15.2],
			"shade": false,
			"rotation": {"angle": 0, "axis": "y", "origin": [7, 8, 8]},
			"faces": {
				"north": {"uv": [0, 0, 16, 16], "texture": "#vine", "tintindex": 0},
				"south": {"uv": [16, 0, 0, 16], "texture": "#vine", "tintindex": 0}
			}
		},
		{
			"from": [-1, 0, 0.8],
			"to": [17, 16, 0.8],
			"shade": false,
			"rotation": {"angle": 0, "axis": "y", "origin": [7, 8, 8]},
			"faces": {
				"north": {"uv": [16, 0, 0, 16], "texture": "#vine", "tintindex": 0},
				"south": {"uv": [0, 0, 16, 16], "texture": "#vine", "tintindex": 0}
			}
		},
		{
			"from": [0, 9, 0.8],
			"to": [16, 15, 0.8],
			"shade": false,
			"rotation": {"angle": -22.5, "axis": "x", "origin": [8, 15, 0.8]},
			"faces": {
				"north": {"uv": [16, 0, 0, 8], "texture": "#extra", "tintindex": 0},
				"south": {"uv": [0, 0, 16, 8], "texture": "#extra", "tintindex": 0}
			}
		},
		{
			"from": [0, 1, 0.8],
			"to": [16, 7, 0.8],
			"shade": false,
			"rotation": {"angle": -22.5, "axis": "x", "origin": [8, 7, 0.8]},
			"faces": {
				"north": {"uv": [16, 8, 0, 16], "texture": "#extra", "tintindex": 0},
				"south": {"uv": [0, 8, 16, 16], "texture": "#extra", "tintindex": 0}
			}
		},
		{
			"from": [15.2, 9, 0],
			"to": [15.2, 15, 16],
			"shade": false,
			"rotation": {"angle": -22.5, "axis": "z", "origin": [15.2, 15, 8]},
			"faces": {
				"east": {"uv": [16, 0, 0, 8], "texture": "#extra", "tintindex": 0},
				"west": {"uv": [0, 0, 16, 8], "texture": "#extra", "tintindex": 0}
			}
		},
		{
			"from": [15.2, 1, 0],
			"to": [15.2, 7, 16],
			"shade": false,
			"rotation": {"angle": -22.5, "axis": "z", "origin": [15.2, 7, 8]},
			"faces": {
				"east": {"uv": [16, 8, 0, 16], "texture": "#extra", "tintindex": 0},
				"west": {"uv": [0, 8, 16, 16], "texture": "#extra", "tintindex": 0}
			}
		},
		{
			"from": [0, 9, 15.2],
			"to": [16, 15, 15.2],
			"shade": false,
			"rotation": {"angle": 22.5, "axis": "x", "origin": [8, 15, 15.2]},
			"faces": {
				"north": {"uv": [0, 0, 16, 8], "texture": "#extra", "tintindex": 0},
				"south": {"uv": [16, 0, 0, 8], "texture": "#extra", "tintindex": 0}
			}
		},
		{
			"from": [0, 1, 15.2],
			"to": [16, 7, 15.2],
			"shade": false,
			"rotation": {"angle": 22.5, "axis": "x", "origin": [8, 7, 15.2]},
			"faces": {
				"north": {"uv": [0, 8, 16, 16], "texture": "#extra", "tintindex": 0},
				"south": {"uv": [16, 8, 0, 16], "texture": "#extra", "tintindex": 0}
			}
		},
		{
			"from": [0.8, 9, 0],
			"to": [0.8, 15, 16],
			"shade": false,
			"rotation": {"angle": 22.5, "axis": "z", "origin": [0.8, 15, 8]},
			"faces": {
				"east": {"uv": [0, 0, 16, 8], "texture": "#extra", "tintindex": 0},
				"west": {"uv": [16, 0, 0, 8], "texture": "#extra", "tintindex": 0}
			}
		},
		{
			"from": [0.8, 1, 0],
			"to": [0.8, 7, 16],
			"shade": false,
			"rotation": {"angle": 22.5, "axis": "z", "origin": [0.8, 7, 8]},
			"faces": {
				"east": {"uv": [0, 8, 16, 16], "texture": "#extra", "tintindex": 0},
				"west": {"uv": [16, 8, 0, 16], "texture": "#extra", "tintindex": 0}
			}
		},
		{
			"from": [0, -4, 0.8],
			"to": [16, 2, 0.8],
			"shade": false,
			"rotation": {"angle": -22.5, "axis": "x", "origin": [8, 2, 0.8]},
			"faces": {
				"north": {"uv": [0, 0, 16, 8], "texture": "#extra", "cullface": "down", "tintindex": 0},
				"south": {"uv": [16, 0, 0, 8], "texture": "#extra", "cullface": "down", "tintindex": 0}
			}
		},
		{
			"from": [0, -4, 15.2],
			"to": [16, 2, 15.2],
			"shade": false,
			"rotation": {"angle": 22.5, "axis": "x", "origin": [8, 2, 15.2]},
			"faces": {
				"north": {"uv": [16, 0, 0, 8], "texture": "#extra", "cullface": "down", "tintindex": 0},
				"south": {"uv": [0, 0, 16, 8], "texture": "#extra", "cullface": "down", "tintindex": 0}
			}
		}
	]
}