{
	"ambientocclusion": false,
	"textures": {
		"particle": "block/vine",
		"vine": "block/vine",
		"extra": "block/extra/vine_extra"
	},
	"elements": [
		{
			"from": [-1, 15.2, -1],
			"to": [17, 15.2, 17],
			"shade": false,
			"faces": {
				"up": {"uv": [16, 0, 0, 16], "texture": "#vine", "tintindex": 0},
				"down": {"uv": [0, 0, 16, 16], "texture": "#vine", "tintindex": 0}
			}
		},
		{
			"from": [-1, 0, 0.8],
			"to": [17, 16, 0.8],
			"shade": false,
			"faces": {
				"north": {"uv": [16, 0, 0, 16], "texture": "#vine", "tintindex": 0},
				"south": {"uv": [0, 0, 16, 16], "texture": "#vine", "tintindex": 0}
			}
		},
		{
			"from": [15.2, 0, -1],
			"to": [15.2, 16, 17],
			"shade": false,
			"faces": {
				"east": {"uv": [16, 0, 0, 16], "texture": "#vine", "tintindex": 0},
				"west": {"uv": [0, 0, 16, 16], "texture": "#vine", "tintindex": 0}
			}
		},
		{
			"from": [0, 9, 0.8],
			"to": [16, 15, 0.8],
			"shade": false,
			"rotation": {"angle": -22.5, "axis": "x", "origin": [8, 15, 0.8]},
			"faces": {
				"north": {"uv": [16, 0, 0, 8], "texture": "#extra", "tintindex": 0},
				"south": {"uv": [0, 0, 16, 8], "texture": "#extra", "tintindex": 0}
			}
		},
		{
			"from": [0, 1, 0.8],
			"to": [16, 7, 0.8],
			"shade": false,
			"rotation": {"angle": -22.5, "axis": "x", "origin": [8, 7, 0.8]},
			"faces": {
				"north": {"uv": [16, 8, 0, 16], "texture": "#extra", "tintindex": 0},
				"south": {"uv": [0, 8, 16, 16], "texture": "#extra", "tintindex": 0}
			}
		},
		{
			"from": [15.2, 10, 0.5],
			"to": [15.2, 16, 6.5],
			"shade": false,
			"rotation": {"angle": -22.5, "axis": "z", "origin": [15.2, 16, 4]},
			"faces": {
				"east": {"uv": [8, 0, 0, 8], "texture": "#extra", "tintindex": 0},
				"west": {"uv": [0, 0, 8, 8], "texture": "#extra", "tintindex": 0}
			}
		},
		{
			"from": [15.2, 7, 9.5],
			"to": [15.2, 13, 15.5],
			"shade": false,
			"rotation": {"angle": -22.5, "axis": "z", "origin": [15.2, 13, 12]},
			"faces": {
				"east": {"uv": [16, 0, 8, 8], "texture": "#extra", "tintindex": 0},
				"west": {"uv": [8, 0, 16, 8], "texture": "#extra", "tintindex": 0}
			}
		},
		{
			"from": [15.2, 2, 0.5],
			"to": [15.2, 8, 6.5],
			"shade": false,
			"rotation": {"angle": -22.5, "axis": "z", "origin": [15.2, 8, 4]},
			"faces": {
				"east": {"uv": [8, 8, 0, 16], "texture": "#extra", "tintindex": 0},
				"west": {"uv": [0, 8, 8, 16], "texture": "#extra", "tintindex": 0}
			}
		},
		{
			"from": [15.2, -1, 9.5],
			"to": [15.2, 5, 15.5],
			"shade": false,
			"rotation": {"angle": -22.5, "axis": "z", "origin": [15.2, 5, 12]},
			"faces": {
				"east": {"uv": [16, 8, 8, 16], "texture": "#extra", "tintindex": 0},
				"west": {"uv": [8, 8, 16, 16], "texture": "#extra", "tintindex": 0}
			}
		},
		{
			"from": [0, -4, 0.8],
			"to": [16, 2, 0.8],
			"shade": false,
			"rotation": {"angle": -22.5, "axis": "x", "origin": [8, 2, 0.8]},
			"faces": {
				"north": {"uv": [0, 0, 16, 8], "texture": "#extra", "cullface": "down", "tintindex": 0},
				"south": {"uv": [16, 0, 0, 8], "texture": "#extra", "cullface": "down", "tintindex": 0}
			}
		},
		{
			"from": [15.2, -4, 0.5],
			"to": [15.2, 2, 6.5],
			"shade": false,
			"rotation": {"angle": -22.5, "axis": "z", "origin": [15.2, 2, 4]},
			"faces": {
				"east": {"uv": [8, 0, 16, 8], "texture": "#extra", "cullface": "down", "tintindex": 0},
				"west": {"uv": [16, 0, 8, 8], "texture": "#extra", "cullface": "down", "tintindex": 0}
			}
		},
		{
			"from": [15.2, -5, 9.5],
			"to": [15.2, 1, 15.5],
			"shade": false,
			"rotation": {"angle": -22.5, "axis": "z", "origin": [15.2, 1, 12]},
			"faces": {
				"east": {"uv": [0, 0, 8, 8], "texture": "#extra", "cullface": "down", "tintindex": 0},
				"west": {"uv": [8, 0, 0, 8], "texture": "#extra", "cullface": "down", "tintindex": 0}
			}
		}
	]
}