{
	"ambientocclusion": false,
	"textures": {
		"ring": "block/lantern",
		"torch": "block/torch",
		"particle": "block/torch"
	},
	"elements": [
		{
			"from": [1.45, 3, 7.25],
			"to": [2.95, 13, 8.75],
			"shade": false,
			"rotation": {"angle": -22.5, "axis": "z", "origin": [2.2, 8, 8]},
			"faces": {
				"north": {"uv": [7.25, 6, 8.75, 16], "texture": "#torch"},
				"east": {"uv": [7.25, 6, 8.75, 16], "texture": "#torch"},
				"south": {"uv": [7.25, 6, 8.75, 16], "texture": "#torch"},
				"west": {"uv": [7.25, 6, 8.75, 16], "texture": "#torch"},
				"up": {"uv": [7.25, 5.75, 8.75, 7.25], "rotation": 270, "texture": "#torch"},
				"down": {"uv": [7.25, 12.75, 8.75, 14.25], "rotation": 90, "texture": "#torch"}
			}
		},
		{
			"from": [-0.43493, 7.32535, 7],
			"to": [3.06507, 8.32535, 9],
			"shade": false,
			"rotation": {"angle": -22.5, "axis": "z", "origin": [1.31507, 7.82535, 8]},
			"faces": {
				"north": {"uv": [1, 1, 4.5, 2], "texture": "#ring"},
				"east": {"uv": [2, 1, 4, 2], "texture": "#ring"},
				"south": {"uv": [1.5, 1, 5, 2], "texture": "#ring"},
				"west": {"uv": [2, 1, 4, 2], "texture": "#ring"},
				"up": {"uv": [2, 9.5, 4, 13], "rotation": 270, "texture": "#ring"},
				"down": {"uv": [2, 9.5, 4, 13], "rotation": 270, "texture": "#ring"}
			}
		},
		{
			"from": [-0.44494, 3.22703, 7.125],
			"to": [1.30506, 4.22703, 8.875],
			"shade": false,
			"rotation": {"angle": -22.5, "axis": "z", "origin": [0.43006, 3.72703, 8]},
			"faces": {
				"north": {"uv": [1, 1, 2.75, 2], "texture": "#ring"},
				"east": {"uv": [2.125, 1, 3.875, 2], "texture": "#ring"},
				"south": {"uv": [3.25, 1, 5, 2], "texture": "#ring"},
				"west": {"uv": [2.125, 1, 3.875, 2], "texture": "#ring"},
				"up": {"uv": [2.063, 11.125, 3.813, 12.875], "texture": "#ring"},
				"down": {"uv": [2.063, 11.125, 3.813, 12.875], "rotation": 270, "texture": "#ring"}
			}
		},
		{
			"from": [1.2, 10, 0],
			"to": [3.2, 19, 16],
			"shade": false,
			"rotation": {"angle": -22.5, "axis": "z", "origin": [2.2, 8, 8]},
			"faces": {
				"east": {"uv": [0, 0, 16, 9], "texture": "#torch"},
				"west": {"uv": [0, 0, 16, 9], "texture": "#torch"},
				"down": {"uv": [0, 9, 16, 11], "rotation": 90, "texture": "#torch"}
			}
		},
		{
			"from": [-5.8, 10, 7],
			"to": [10.2, 19, 9],
			"shade": false,
			"rotation": {"angle": -22.5, "axis": "z", "origin": [2.2, 8, 8]},
			"faces": {
				"north": {"uv": [0, 0, 16, 9], "texture": "#torch"},
				"south": {"uv": [0, 0, 16, 9], "texture": "#torch"}
			}
		}
	]
}