{
    "multipart": [
        {   "when": { "age": "0" },
            "apply": [
                { "model": "block/bamboo_age0" },
                { "model": "block/bamboo_age0", "y": 90 },
                { "model": "block/bamboo_age0", "y": 180 },
                { "model": "block/bamboo_age0", "y": 270 }
            ]
        },
        {   "when": { "age": "1","leaves": "none|small" },
            "apply": [
                { "model": "block/bamboo_age1" },
                { "model": "block/bamboo_age1", "y": 90 },
                { "model": "block/bamboo_age1", "y": 180 },
                { "model": "block/bamboo_age1", "y": 270 }
            ]
        },
        {   "when": { "age": "1","leaves": "large" },
            "apply": [
                { "model": "block/bamboo_age0" },
                { "model": "block/bamboo_age0", "y": 90 },
                { "model": "block/bamboo_age0", "y": 180 },
                { "model": "block/bamboo_age0", "y": 270 }
            ]
        },
        {   "when": { "leaves": "small" },
            "apply": { "model": "block/bamboo_small_leaves" }
        },
        {   "when": { "leaves": "large" },
            "apply": { "model": "block/bamboo_large_leaves" }
        }
    ]
}
