{
    "parent": "item/generated",
    "textures": {
        "layer0": "item/netherite_pickaxe"
    },
    "display": {
        "thirdperson_righthand": {
            "rotation": [ 0, -90, 55 ],
            "translation": [ 0, 4.5, 0.5 ],
            "scale": [ 1.0, 1.0, 0.425 ]
        },
        "thirdperson_lefthand": {
            "rotation": [ 0, 90, -55 ],
            "translation": [ 0, 4.5, 0.5 ],
            "scale": [ 1.0, 1.0, 0.425 ]
        },
        "firstperson_righthand": {
            "rotation": [ 0, -90, 25 ],
            "translation": [ 1.13, 3.2, 1.13 ],
            "scale": [ 0.8, 0.8, 0.34 ]
        },
        "firstperson_lefthand": {
            "rotation": [ 0, 90, -25 ],
            "translation": [ 1.13, 3.2, 1.13 ],
            "scale": [ 0.8, 0.8, 0.34 ]
        },
        "fixed": {
            "rotation": [ 0, 180, 0 ],
            "scale": [ 1.6, 1.6, 0.80 ]
        }
    }
}
